Id,Label,Type,TimeInterval,Roles
"64","64","Member","<[2011-10-18T01:13:30.000, Infinity]>","administrator"
"4","4","Member","<[2011-09-16T11:54:39.000, Infinity]>","administrator"
"10","10","Member","<[2011-09-20T11:42:20.000, Infinity]>","administrator"
"8","8","Member","<[2011-09-16T21:51:49.000, Infinity]>","administrator"
"454","454","Member","<[2012-01-29T19:33:16.000, Infinity]>","content manager"
"468","468","Member","<[2012-02-01T14:56:30.000, Infinity]>",""
"38","38","Member","<[2011-10-17T20:53:20.000, Infinity]>",""
"52","52","Member","<[2011-10-17T21:38:14.000, Infinity]>",""
"221","221","Member","<[2011-11-26T13:34:44.000, Infinity]>","community manager"
"76","76","Member","<[2011-10-19T14:14:18.000, Infinity]>",""
"9","9","Member","<[2011-09-19T01:50:47.000, Infinity]>","administrator, community manager"
"60","60","Member","<[2011-10-17T23:53:34.000, Infinity]>",""
"36","36","Member","<[2011-10-17T20:44:01.000, Infinity]>",""
"41","41","Member","<[2011-10-17T20:59:07.000, Infinity]>",""
"50","50","Member","<[2011-10-17T21:30:33.000, Infinity]>",""
"474","474","Member","<[2012-02-03T02:05:42.000, Infinity]>",""
"1062","1062","Member","<[2012-06-15T23:34:07.000, Infinity]>",""
"239","239","Member","<[2011-11-30T10:30:42.000, Infinity]>",""
"77","77","Member","<[2011-10-19T18:57:05.000, Infinity]>",""
"439","439","Member","<[2012-01-24T15:47:10.000, Infinity]>","administrator"
"84","84","Member","<[2011-10-20T06:48:48.000, Infinity]>",""
"74","74","Member","<[2011-10-19T12:38:31.000, Infinity]>",""
"369","369","Member","<[2012-01-07T13:57:09.000, Infinity]>","community manager"
"396","396","Member","<[2012-01-14T11:56:07.000, Infinity]>",""
"683","683","Member","<[2012-04-04T17:49:18.000, Infinity]>",""
"92","92","Member","<[2011-11-09T12:10:47.000, Infinity]>",""
"537","537","Member","<[2012-02-21T21:06:35.000, Infinity]>",""
"133","133","Member","<[2011-11-10T18:20:48.000, Infinity]>",""
"114","114","Member","<[2011-11-10T01:15:03.000, Infinity]>",""
"536","536","Member","<[2012-02-21T16:24:08.000, Infinity]>",""
"200","200","Member","<[2011-11-23T01:17:06.000, Infinity]>",""
"203","203","Member","<[2011-11-23T10:25:29.000, Infinity]>",""
"189","189","Member","<[2011-11-21T12:49:36.000, Infinity]>",""
"233","233","Member","<[2011-11-28T20:00:36.000, Infinity]>",""
"186","186","Member","<[2011-11-19T17:28:59.000, Infinity]>",""
"44","44","Member","<[2011-10-17T21:07:04.000, Infinity]>",""
"195","195","Member","<[2011-11-22T18:47:31.000, Infinity]>",""
"166","166","Member","<[2011-11-16T20:22:47.000, Infinity]>",""
"370","370","Member","<[2012-01-08T10:47:25.000, Infinity]>",""
"69","69","Member","<[2011-10-18T11:33:09.000, Infinity]>",""
"5","5","Member","<[2011-09-16T13:02:02.000, Infinity]>","administrator"
"241","241","Member","<[2011-12-01T11:46:54.000, Infinity]>",""
"251","251","Member","<[2011-12-05T18:54:43.000, Infinity]>",""
"716","716","Member","<[2012-04-11T12:08:56.000, Infinity]>",""
"540","540","Member","<[2012-02-22T18:36:37.000, Infinity]>",""
"425","425","Member","<[2012-01-19T02:30:14.000, Infinity]>",""
"358","358","Member","<[2012-01-04T17:22:10.000, Infinity]>",""
"7","7","Member","<[2011-09-16T14:41:16.000, Infinity]>","administrator"
"357","357","Member","<[2012-01-04T16:32:28.000, Infinity]>",""
"296","296","Member","<[2011-12-13T16:13:20.000, Infinity]>",""
"246","246","Member","<[2011-12-03T02:50:16.000, Infinity]>",""
"346","346","Member","<[2011-12-27T02:34:16.000, Infinity]>",""
"293","293","Member","<[2011-12-12T19:41:19.000, Infinity]>",""
"95","95","Member","<[2011-11-09T13:33:10.000, Infinity]>",""
"82","82","Member","<[2011-10-19T21:26:09.000, Infinity]>",""
"321","321","Member","<[2011-12-16T17:06:49.000, Infinity]>",""
"311","311","Member","<[2011-12-16T05:08:33.000, Infinity]>",""
"319","319","Member","<[2011-12-16T16:26:20.000, Infinity]>",""
"336","336","Member","<[2011-12-20T02:45:10.000, Infinity]>",""
"315","315","Member","<[2011-12-16T10:43:47.000, Infinity]>",""
"1289","1289","Member","<[2012-10-08T14:28:54.000, Infinity]>",""
"317","317","Member","<[2011-12-16T15:17:53.000, Infinity]>",""
"722","722","Member","<[2012-04-12T13:57:28.000, Infinity]>",""
"795","795","Member","<[2012-04-29T20:53:05.000, Infinity]>",""
"644","644","Member","<[2012-04-03T12:01:52.000, Infinity]>",""
"266","266","Member","<[2011-12-07T14:31:43.000, Infinity]>",""
"412","412","Member","<[2012-01-16T18:26:07.000, Infinity]>",""
"1299","1299","Member","<[2012-10-11T03:26:27.000, Infinity]>",""
"932","932","Member","<[2012-05-29T23:18:00.000, Infinity]>",""
"145","145","Member","<[2011-11-12T01:14:44.000, Infinity]>","administrator"
"262","262","Member","<[2011-12-06T22:36:45.000, Infinity]>",""
"275","275","Member","<[2011-12-09T21:25:41.000, Infinity]>",""
"326","326","Member","<[2011-12-16T20:50:56.000, Infinity]>",""
"360","360","Member","<[2012-01-06T08:38:35.000, Infinity]>",""
"290","290","Member","<[2011-12-11T20:06:08.000, Infinity]>",""
"1221","1221","Member","<[2012-08-27T05:54:21.000, Infinity]>",""
"127","127","Member","<[2011-11-10T15:28:48.000, Infinity]>",""
"378","378","Member","<[2012-01-10T00:50:33.000, Infinity]>",""
"812","812","Member","<[2012-05-03T14:37:51.000, Infinity]>",""
"405","405","Member","<[2012-01-15T04:26:08.000, Infinity]>",""
"414","414","Member","<[2012-01-17T14:02:08.000, Infinity]>",""
"441","441","Member","<[2012-01-24T21:23:57.000, Infinity]>","content manager"
"384","384","Member","<[2012-01-11T01:53:26.000, Infinity]>",""
"758","758","Member","<[2012-04-23T12:46:18.000, Infinity]>",""
"699","699","Member","<[2012-04-09T10:10:25.000, Infinity]>",""
"209","209","Member","<[2011-11-24T14:17:54.000, Infinity]>",""
"690","690","Member","<[2012-04-05T19:19:18.000, Infinity]>",""
"307","307","Member","<[2011-12-15T20:55:51.000, Infinity]>",""
"472","472","Member","<[2012-02-02T16:36:22.000, Infinity]>",""
"482","482","Member","<[2012-02-04T23:16:46.000, Infinity]>",""
"1526","1526","Member","<[2012-11-21T19:56:02.000, Infinity]>",""
"37","37","Member","<[2011-10-17T20:47:36.000, Infinity]>","administrator"
"351","351","Member","<[2012-01-02T13:36:06.000, Infinity]>",""
"514","514","Member","<[2012-02-14T14:08:26.000, Infinity]>",""
"513","513","Member","<[2012-02-14T12:03:03.000, Infinity]>",""
"684","684","Member","<[2012-04-04T19:04:13.000, Infinity]>",""
"524","524","Member","<[2012-02-16T18:04:41.000, Infinity]>",""
"256","256","Member","<[2011-12-06T14:13:14.000, Infinity]>",""
"330","330","Member","<[2011-12-18T02:28:34.000, Infinity]>",""
"857","857","Member","<[2012-05-15T13:01:56.000, Infinity]>",""
"75","75","Member","<[2011-10-19T14:11:15.000, Infinity]>",""
"63","63","Member","<[2011-10-18T01:03:09.000, Infinity]>",""
"554","554","Member","<[2012-03-01T11:20:42.000, Infinity]>",""
"39","39","Member","<[2011-10-17T20:55:38.000, Infinity]>",""
"42","42","Member","<[2011-10-17T20:59:30.000, Infinity]>",""
"532","532","Member","<[2012-02-20T18:48:25.000, Infinity]>",""
"205","205","Member","<[2011-11-23T19:38:55.000, Infinity]>",""
"101","101","Member","<[2011-11-09T16:07:50.000, Infinity]>",""
"844","844","Member","<[2012-05-10T13:31:41.000, Infinity]>",""
"174","174","Member","<[2011-11-17T20:40:04.000, Infinity]>",""
"555","555","Member","<[2012-03-02T00:32:29.000, Infinity]>",""
"97","97","Member","<[2011-11-09T14:55:37.000, Infinity]>",""
"700","700","Member","<[2012-04-09T12:45:30.000, Infinity]>",""
"334","334","Member","<[2011-12-19T10:50:58.000, Infinity]>",""
"811","811","Member","<[2012-05-03T13:20:06.000, Infinity]>",""
"207","207","Member","<[2011-11-24T01:32:12.000, Infinity]>",""
"260","260","Member","<[2011-12-06T20:35:16.000, Infinity]>",""
"55","55","Member","<[2011-10-17T22:05:15.000, Infinity]>",""
"609","609","Member","<[2012-03-20T01:11:48.000, Infinity]>",""
"618","618","Member","<[2012-03-22T10:52:56.000, Infinity]>",""
"619","619","Member","<[2012-03-22T11:15:37.000, Infinity]>",""
"620","620","Member","<[2012-03-22T11:21:40.000, Infinity]>",""
"890","890","Member","<[2012-05-21T20:51:11.000, Infinity]>",""
"704","704","Member","<[2012-04-10T09:03:49.000, Infinity]>",""
"643","643","Member","<[2012-04-02T21:53:51.000, Infinity]>",""
"348","348","Member","<[2011-12-28T15:12:29.000, Infinity]>",""
"823","823","Member","<[2012-05-05T22:04:12.000, Infinity]>",""
"629","629","Member","<[2012-03-27T10:29:26.000, Infinity]>",""
"151","151","Member","<[2011-11-13T16:55:17.000, Infinity]>",""
"655","655","Member","<[2012-04-03T15:38:20.000, Infinity]>",""
"636","636","Member","<[2012-03-29T03:48:35.000, Infinity]>",""
"167","167","Member","<[2011-11-16T23:21:39.000, Infinity]>",""
"674","674","Member","<[2012-04-04T02:12:03.000, Infinity]>",""
"676","676","Member","<[2012-04-04T13:09:04.000, Infinity]>",""
"663","663","Member","<[2012-04-03T18:02:40.000, Infinity]>",""
"57","57","Member","<[2011-10-17T22:56:10.000, Infinity]>",""
"782","782","Member","<[2012-04-26T19:37:15.000, Infinity]>",""
"678","678","Member","<[2012-04-04T13:50:27.000, Infinity]>",""
"717","717","Member","<[2012-04-11T13:05:36.000, Infinity]>",""
"825","825","Member","<[2012-05-07T05:55:51.000, Infinity]>",""
"11","11","Member","<[2011-09-20T16:53:03.000, Infinity]>",""
"842","842","Member","<[2012-05-10T13:26:09.000, Infinity]>",""
"710","710","Member","<[2012-04-10T17:01:14.000, Infinity]>",""
"711","711","Member","<[2012-04-10T17:04:29.000, Infinity]>",""
"841","841","Member","<[2012-05-09T22:27:28.000, Infinity]>",""
"829","829","Member","<[2012-05-08T04:02:08.000, Infinity]>",""
"598","598","Member","<[2012-03-16T01:05:16.000, Infinity]>",""
"713","713","Member","<[2012-04-11T01:26:31.000, Infinity]>",""
"685","685","Member","<[2012-04-05T00:13:35.000, Infinity]>",""
"985","985","Member","<[2012-06-06T16:22:30.000, Infinity]>",""
"730","730","Member","<[2012-04-14T21:23:57.000, Infinity]>",""
"94","94","Member","<[2011-11-09T12:53:36.000, Infinity]>",""
"720","720","Member","<[2012-04-11T15:19:57.000, Infinity]>",""
"521","521","Member","<[2012-02-14T23:17:58.000, Infinity]>",""
"762","762","Member","<[2012-04-24T15:46:58.000, Infinity]>",""
"664","664","Member","<[2012-04-03T19:05:19.000, Infinity]>",""
"750","750","Member","<[2012-04-20T14:30:15.000, Infinity]>",""
"499","499","Member","<[2012-02-09T01:00:56.000, Infinity]>",""
"768","768","Member","<[2012-04-25T22:50:45.000, Infinity]>",""
"763","763","Member","<[2012-04-25T01:34:14.000, Infinity]>",""
"786","786","Member","<[2012-04-27T09:50:12.000, Infinity]>",""
"575","575","Member","<[2012-03-10T15:53:28.000, Infinity]>",""
"824","824","Member","<[2012-05-06T17:28:38.000, Infinity]>",""
"798","798","Member","<[2012-04-30T14:11:28.000, Infinity]>",""
"788","788","Member","<[2012-04-27T19:18:22.000, Infinity]>",""
"863","863","Member","<[2012-05-16T14:15:28.000, Infinity]>",""
"807","807","Member","<[2012-05-02T13:09:08.000, Infinity]>",""
"808","808","Member","<[2012-05-02T16:17:43.000, Infinity]>",""
"815","815","Member","<[2012-05-03T21:09:53.000, Infinity]>",""
"818","818","Member","<[2012-05-04T09:43:27.000, Infinity]>",""
"796","796","Member","<[2012-04-30T01:42:12.000, Infinity]>",""
"820","820","Member","<[2012-05-04T22:36:21.000, Infinity]>",""
"810","810","Member","<[2012-05-02T21:51:12.000, Infinity]>",""
"245","245","Member","<[2011-12-01T23:11:22.000, Infinity]>",""
"922","922","Member","<[2012-05-27T22:50:42.000, Infinity]>",""
"912","912","Member","<[2012-05-25T17:51:28.000, Infinity]>",""
"777","777","Member","<[2012-04-26T19:10:09.000, Infinity]>",""
"836","836","Member","<[2012-05-09T14:03:01.000, Infinity]>",""
"778","778","Member","<[2012-04-26T19:11:33.000, Infinity]>",""
"780","780","Member","<[2012-04-26T19:13:06.000, Infinity]>",""
"839","839","Member","<[2012-05-09T18:30:54.000, Infinity]>",""
"843","843","Member","<[2012-05-10T13:30:36.000, Infinity]>",""
"1246","1246","Member","<[2012-09-12T16:51:16.000, Infinity]>",""
"677","677","Member","<[2012-04-04T13:13:29.000, Infinity]>",""
"848","848","Member","<[2012-05-12T16:59:21.000, Infinity]>",""
"876","876","Member","<[2012-05-18T14:10:53.000, Infinity]>",""
"821","821","Member","<[2012-05-05T17:35:57.000, Infinity]>",""
"862","862","Member","<[2012-05-16T13:19:05.000, Infinity]>",""
"757","757","Member","<[2012-04-22T22:23:37.000, Infinity]>",""
"864","864","Member","<[2012-05-16T14:31:32.000, Infinity]>",""
"1024","1024","Member","<[2012-06-11T10:57:05.000, Infinity]>",""
"325","325","Member","<[2011-12-16T18:41:12.000, Infinity]>",""
"647","647","Member","<[2012-04-03T13:01:48.000, Infinity]>",""
"901","901","Member","<[2012-05-23T10:44:08.000, Infinity]>",""
"511","511","Member","<[2012-02-14T00:23:32.000, Infinity]>",""
"895","895","Member","<[2012-05-22T15:54:33.000, Infinity]>",""
"903","903","Member","<[2012-05-23T20:43:56.000, Infinity]>",""
"1134","1134","Member","<[2012-07-09T13:11:38.000, Infinity]>",""
"206","206","Member","<[2011-11-23T21:41:58.000, Infinity]>",""
"883","883","Member","<[2012-05-20T11:52:29.000, Infinity]>",""
"996","996","Member","<[2012-06-07T14:40:24.000, Infinity]>",""
"611","611","Member","<[2012-03-20T21:49:51.000, Infinity]>",""
"737","737","Member","<[2012-04-16T21:48:53.000, Infinity]>",""
"905","905","Member","<[2012-05-24T02:15:57.000, Infinity]>",""
"935","935","Member","<[2012-05-30T13:13:50.000, Infinity]>",""
"675","675","Member","<[2012-04-04T11:06:55.000, Infinity]>",""
"965","965","Member","<[2012-06-04T15:02:14.000, Infinity]>",""
"265","265","Member","<[2011-12-07T14:16:54.000, Infinity]>",""
"1137","1137","Member","<[2012-07-10T21:37:09.000, Infinity]>",""
"867","867","Member","<[2012-05-17T11:48:44.000, Infinity]>",""
"875","875","Member","<[2012-05-18T12:17:56.000, Infinity]>",""
"754","754","Member","<[2012-04-21T13:49:55.000, Infinity]>",""
"1009","1009","Member","<[2012-06-09T00:50:38.000, Infinity]>",""
"1021","1021","Member","<[2012-06-10T19:20:34.000, Infinity]>",""
"885","885","Member","<[2012-05-21T12:12:34.000, Infinity]>",""
"669","669","Member","<[2012-04-03T22:13:44.000, Infinity]>",""
"1182","1182","Member","<[2012-07-29T18:45:55.000, Infinity]>",""
"54","54","Member","<[2011-10-17T22:03:01.000, Infinity]>",""
"1070","1070","Member","<[2012-06-16T23:16:57.000, Infinity]>",""
"1034","1034","Member","<[2012-06-12T20:21:28.000, Infinity]>",""
"1","1","Member","<[2011-09-08T14:06:57.000, Infinity]>",""
"803","803","Member","<[2012-05-01T16:41:23.000, Infinity]>",""
"100","100","Member","<[2011-11-09T16:01:07.000, Infinity]>",""
"974","974","Member","<[2012-06-05T19:07:41.000, Infinity]>",""
"988","988","Member","<[2012-06-06T18:44:08.000, Infinity]>",""
"1056","1056","Member","<[2012-06-14T23:39:22.000, Infinity]>",""
"1121","1121","Member","<[2012-07-02T20:27:56.000, Infinity]>",""
"662","662","Member","<[2012-04-03T17:45:54.000, Infinity]>",""
"653","653","Member","<[2012-04-03T14:56:40.000, Infinity]>",""
"1239","1239","Member","<[2012-09-07T16:13:27.000, Infinity]>",""
"975","975","Member","<[2012-06-05T20:17:07.000, Infinity]>",""
"1175","1175","Member","<[2012-07-26T12:55:04.000, Infinity]>",""
"1187","1187","Member","<[2012-08-02T17:29:56.000, Infinity]>",""
"494","494","Member","<[2012-02-08T13:29:41.000, Infinity]>",""
"263","263","Member","<[2011-12-07T12:46:10.000, Infinity]>",""
"401","401","Member","<[2012-01-14T18:51:25.000, Infinity]>",""
"1234","1234","Member","<[2012-09-04T20:08:34.000, Infinity]>",""
"1254","1254","Member","<[2012-09-19T14:54:52.000, Infinity]>",""
"1499","1499","Member","<[2012-11-14T09:46:49.000, Infinity]>",""
"1466","1466","Member","<[2012-11-08T17:52:05.000, Infinity]>",""
"702","702","Member","<[2012-04-09T19:47:59.000, Infinity]>",""
"1508","1508","Member","<[2012-11-15T17:52:17.000, Infinity]>",""